Date,Name,Year,Letterboxd URI,Rating
2022-05-20,Spider-Man: No Way Home,2021,https://boxd.it/nwRw,5
2022-05-20,Doctor Strange in the Multiverse of Madness,2022,https://boxd.it/gaTc,4
2022-05-20,The Northman,2022,https://boxd.it/nK2s,4
2022-05-20,The Batman,2022,https://boxd.it/eDGs,4
2022-05-20,Parasite,2019,https://boxd.it/hTha,5
2022-05-20,Joker,2019,https://boxd.it/h4cS,4
2022-05-20,Doctor Strange,2016,https://boxd.it/8MH8,3.5
2022-05-20,Midsommar,2019,https://boxd.it/jhxe,3
2022-05-20,Avengers: Infinity War,2018,https://boxd.it/9vEe,3
2022-05-20,Last Night in Soho,2021,https://boxd.it/lbJC,3.5
2022-05-20,The Ritual,2017,https://boxd.it/fo0I,3
2022-05-20,Us,2019,https://boxd.it/gnV6,4
2022-05-20,The Invitation,2015,https://boxd.it/9OUU,3
2022-05-20,Hush,2016,https://boxd.it/d5ys,3
2022-05-20,Split,2016,https://boxd.it/dgSy,4
2022-05-20,Spider-Man: Into the Spider-Verse,2018,https://boxd.it/azpY,4
2022-05-20,The Lord of the Rings: The Fellowship of the Ring,2001,https://boxd.it/2b5O,4
2022-05-20,The Lord of the Rings: The Two Towers,2002,https://boxd.it/2b5E,3.5
2022-05-20,The Hobbit: An Unexpected Journey,2012,https://boxd.it/GZk,3
2022-05-20,The Hobbit: The Desolation of Smaug,2013,https://boxd.it/nmS,3.5
2022-05-20,The Hobbit: The Battle of the Five Armies,2014,https://boxd.it/43aU,3
2022-05-20,Harry Potter and the Deathly Hallows: Part 2,2011,https://boxd.it/1RYk,4
2022-05-20,Harry Potter and the Prisoner of Azkaban,2004,https://boxd.it/29Qy,5
2022-05-20,Harry Potter and the Philosopher's Stone,2001,https://boxd.it/29QS,3.5
2022-05-20,Harry Potter and the Chamber of Secrets,2002,https://boxd.it/29QI,3.5
2022-05-20,Harry Potter and the Half-Blood Prince,2009,https://boxd.it/29FU,4
2022-05-20,Harry Potter and the Deathly Hallows: Part 1,2010,https://boxd.it/1RYu,3.5
2022-05-20,Fantastic Beasts: The Crimes of Grindelwald,2018,https://boxd.it/bg8G,3
2022-05-20,Fantastic Beasts and Where to Find Them,2016,https://boxd.it/7FPC,3
2022-05-20,Alice in Wonderland,2010,https://boxd.it/1Spq,3
2022-05-20,"The Chronicles of Narnia: The Lion, the Witch and the Wardrobe",2005,https://boxd.it/2ark,3.5
2022-05-20,The Chronicles of Narnia: Prince Caspian,2008,https://boxd.it/26Hy,3
2022-05-20,The Chronicles of Narnia: The Voyage of the Dawn Treader,2010,https://boxd.it/1WZs,2
2022-05-20,Eragon,2006,https://boxd.it/26Fs,3
2022-05-20,Snow White and the Huntsman,2012,https://boxd.it/k1M,2
2022-05-20,The Incredibles,2004,https://boxd.it/1XLm,4
2022-05-20,Incredibles 2,2018,https://boxd.it/7IPg,4
2022-05-20,Megamind,2010,https://boxd.it/16Sk,2.5
2022-05-20,The Lego Batman Movie,2017,https://boxd.it/azp0,4
2022-05-20,The Emperor's New Groove,2000,https://boxd.it/1Tey,4
2022-05-20,The Mitchells vs. the Machines,2021,https://boxd.it/i7xm,4.5
2022-05-20,Big Hero 6,2014,https://boxd.it/5rje,4
2022-05-20,How to Train Your Dragon 2,2014,https://boxd.it/2TRW,3.5
2022-05-20,How to Train Your Dragon,2010,https://boxd.it/1WRy,4
2022-05-20,How to Train Your Dragon: The Hidden World,2019,https://boxd.it/5a9w,3.5
2022-05-20,Up,2009,https://boxd.it/1OEc,4
2022-05-20,Toy Story 3,2010,https://boxd.it/1WRe,4
2022-05-20,Toy Story,1995,https://boxd.it/29qA,4.5
2022-05-20,Toy Story 2,1999,https://boxd.it/29qq,4
2022-05-20,Ice Age,2002,https://boxd.it/2apS,3
2022-05-20,Finding Nemo,2003,https://boxd.it/72i,4
2022-05-20,Finding Dory,2016,https://boxd.it/4aAA,4
2022-05-20,Ice Age: The Meltdown,2006,https://boxd.it/2wRk,3
2022-05-20,Shark Tale,2004,https://boxd.it/1VYe,2.5
2022-05-20,Luca,2021,https://boxd.it/ipjC,4
2022-05-20,"Monsters, Inc.",2001,https://boxd.it/2a46,4.5
2022-05-20,Monster House,2006,https://boxd.it/1Z2e,3
2022-05-20,Cars,2006,https://boxd.it/29ho,3.5
2022-05-20,Cars 2,2011,https://boxd.it/H4Y,2
2022-05-20,Cars 3,2017,https://boxd.it/7IPq,3
2022-05-20,Bee Movie,2007,https://boxd.it/22Vw,3
2022-05-20,Robots,2005,https://boxd.it/1Xve,2
2022-05-20,Despicable Me 2,2013,https://boxd.it/3gg0,2
2022-05-20,Despicable Me,2010,https://boxd.it/1DD8,3.5
2022-05-20,Meet the Robinsons,2007,https://boxd.it/28Ym,3.5
2022-05-20,The Empire Strikes Back,1980,https://boxd.it/27Vw,4.5
2022-05-20,Star Wars,1977,https://boxd.it/72s,4.5
2022-05-20,Star Wars: The Force Awakens,2015,https://boxd.it/4vru,3
2022-05-20,Star Wars: The Last Jedi,2017,https://boxd.it/5xme,3
2022-05-20,Star Wars: The Rise of Skywalker,2019,https://boxd.it/5xlK,3
2022-05-20,Return of the Jedi,1983,https://boxd.it/27Vm,4
2022-05-20,Star Wars: Episode III – Revenge of the Sith,2005,https://boxd.it/27US,3
2022-05-20,Man of Steel,2013,https://boxd.it/FRk,3
2022-05-20,Dune,2021,https://boxd.it/fA7G,4
2022-05-20,Star Trek,2009,https://boxd.it/1Q6c,3
2022-05-20,Star Trek Into Darkness,2013,https://boxd.it/uYE,3
2022-05-20,Star Trek Beyond,2016,https://boxd.it/5Ik4,3
2022-05-20,Legend,2015,https://boxd.it/8qZY,3.5
2022-05-20,Inception,2010,https://boxd.it/1skk,4.5
2022-05-20,Tenet,2020,https://boxd.it/leq4,4
2022-05-20,Venom,2018,https://boxd.it/b8wA,2.5
2022-05-20,Warrior,2011,https://boxd.it/i3G,4
2022-05-20,Lemony Snicket's A Series of Unfortunate Events,2004,https://boxd.it/1T7s,3
2022-05-20,Beetlejuice,1988,https://boxd.it/24QI,3.5
2022-05-20,The Haunted Mansion,2003,https://boxd.it/1Vtq,2
2022-05-20,Casper,1995,https://boxd.it/1ZMw,2.5
2022-05-20,The Addams Family,1991,https://boxd.it/267g,3.5
2022-05-20,Dark Shadows,2012,https://boxd.it/bQ2,2.5
2022-05-20,Twilight,2008,https://boxd.it/1Zui,2.5
2022-05-20,1917,2019,https://boxd.it/jj4y,4.5
2022-05-20,Saving Private Ryan,1998,https://boxd.it/29ro,4.5
2022-05-20,Band of Brothers,2001,https://boxd.it/aRNY,4.5
2022-05-20,Hacksaw Ridge,2016,https://boxd.it/azew,4
2022-05-20,The Queen's Gambit,2020,https://boxd.it/s1Ym,4
2022-05-20,Rocketman,2019,https://boxd.it/iehK,4
2022-05-20,Robin Hood,2018,https://boxd.it/d3bc,3
2022-05-20,Interstellar: Nolan's Odyssey,2014,https://boxd.it/9BDG,4
2022-05-20,Pulp Fiction,1994,https://boxd.it/29Pq,4.5
2022-05-20,Once Upon a Time... in Hollywood,2019,https://boxd.it/gH0O,4
2022-05-20,The Hateful Eight,2015,https://boxd.it/8gw8,4
2022-05-20,The Book Thief,2013,https://boxd.it/67wO,3
2022-05-20,War for the Planet of the Apes,2017,https://boxd.it/8FE2,3.5
2022-05-20,World War Z,2013,https://boxd.it/2p2E,3
2022-05-20,Army of the Dead,2021,https://boxd.it/ic7S,3
2022-05-20,Army of Thieves,2021,https://boxd.it/tYai,3
2022-05-20,Red Notice,2021,https://boxd.it/ixtq,2.5
2022-05-20,The Spy Who Dumped Me,2018,https://boxd.it/geEg,2.5
2022-05-20,Uncharted,2022,https://boxd.it/b5Dy,3
2022-05-20,Fast & Furious 6,2013,https://boxd.it/2UG6,3
2022-05-20,The Fast and the Furious,2001,https://boxd.it/1XMu,3
2022-05-20,Furious 7,2015,https://boxd.it/5cVs,3.5
2022-05-20,Fast Five,2011,https://boxd.it/BgO,3
2022-05-20,The Fast and the Furious: Tokyo Drift,2006,https://boxd.it/1Yeo,3
2022-05-20,2 Fast 2 Furious,2003,https://boxd.it/2a4g,2
2022-05-20,Mission: Impossible,1996,https://boxd.it/29d2,3.5
2022-05-20,Mission: Impossible – Ghost Protocol,2011,https://boxd.it/psI,3.5
2022-05-20,Mission: Impossible III,2006,https://boxd.it/29cI,3
2022-05-20,Captain America: The Winter Soldier,2014,https://boxd.it/3r58,4
2022-05-20,Captain America: Civil War,2016,https://boxd.it/89Ja,3
2022-05-20,Captain America: The First Avenger,2011,https://boxd.it/28b0,3.5
2022-05-20,The Avengers,2012,https://boxd.it/1xFW,4
2022-05-20,Avengers: Endgame,2019,https://boxd.it/9vE4,4
2022-05-20,Avengers: Age of Ultron,2015,https://boxd.it/3qi6,3
2022-05-20,Thor: The Dark World,2013,https://boxd.it/2DqA,2.5
2022-05-20,Thor,2011,https://boxd.it/1WQU,2.5
2022-05-20,Thor: Ragnarok,2017,https://boxd.it/8MHi,4
2022-05-20,Justice League,2017,https://boxd.it/4w68,2
2022-05-20,Guardians of the Galaxy,2014,https://boxd.it/3VH2,4
2022-05-20,Aquaman,2018,https://boxd.it/9ru0,3
2022-05-20,Iron Man 3,2013,https://boxd.it/2cBQ,3
2022-05-20,Iron Man,2008,https://boxd.it/28dA,4
2022-05-20,Iron Man 2,2010,https://boxd.it/1WZM,3.5
2022-05-20,The Amazing Spider-Man 2,2014,https://boxd.it/3utM,2.5
2022-05-20,The Amazing Spider-Man,2012,https://boxd.it/27PI,3.5
2022-05-20,Spider-Man,2002,https://boxd.it/2a8i,4
2022-05-20,Spider-Man 2,2004,https://boxd.it/2a88,4
2022-05-20,Spider-Man: Homecoming,2017,https://boxd.it/aboM,3.5
2022-05-20,Spider-Man: Far From Home,2019,https://boxd.it/fegG,3.5
2022-05-20,Hulk,2003,https://boxd.it/27PS,2
2022-05-20,Fantastic Four,2005,https://boxd.it/1XVw,2.5
2022-05-20,Wonder Woman 1984,2020,https://boxd.it/gBtA,2.5
2022-05-20,Green Lantern,2011,https://boxd.it/QN4,2
2022-05-20,Captain Marvel,2019,https://boxd.it/9vSA,3
2022-05-20,Spider-Man 3,2007,https://boxd.it/2a7Y,3
2022-05-20,Fantastic Four: Rise of the Silver Surfer,2007,https://boxd.it/27Ii,2.5
2022-05-20,Black Panther,2018,https://boxd.it/8MHs,4
2022-05-20,Raiders of the Lost Ark,1981,https://boxd.it/2bbs,4
2022-05-20,Indiana Jones and the Temple of Doom,1984,https://boxd.it/2bb8,3.5
2022-05-20,Indiana Jones and the Kingdom of the Crystal Skull,2008,https://boxd.it/2aR8,3
2022-05-20,The Mummy,1999,https://boxd.it/2a7a,3.5
2022-05-20,The Mummy Returns,2001,https://boxd.it/28cs,3
2022-05-20,The Mummy: Tomb of the Dragon Emperor,2008,https://boxd.it/28ci,3
2022-05-20,Shang-Chi and the Legend of the Ten Rings,2021,https://boxd.it/kLDI,4
2022-05-20,Transformers: Revenge of the Fallen,2009,https://boxd.it/20gG,3
2022-05-20,Transformers: Dark of the Moon,2011,https://boxd.it/16aC,2.5
2022-05-20,Transformers: Age of Extinction,2014,https://boxd.it/3d1m,2.5
2022-05-20,Transformers: The Last Knight,2017,https://boxd.it/b8xo,2
2022-05-20,V for Vendetta,2005,https://boxd.it/29Ik,4
2022-05-20,Gattaca,1997,https://boxd.it/29Du,3.5
2022-05-20,Good Will Hunting,1997,https://boxd.it/2ahY,4.5
2022-05-20,A Beautiful Mind,2001,https://boxd.it/2amk,4
2022-05-20,The Social Network,2010,https://boxd.it/17ue,4
2022-05-20,The Theory of Everything,2014,https://boxd.it/7YtA,4
2022-05-20,The Man Who Knew Infinity,2015,https://boxd.it/bTpm,3.5
2022-05-20,The Notebook,2004,https://boxd.it/1UNE,3.5
2022-05-20,The Martian,2015,https://boxd.it/8SeG,4
2022-05-20,Deadpool 2,2018,https://boxd.it/dlLM,4
2022-05-20,Deadpool,2016,https://boxd.it/9fOC,4
2022-05-20,The Departed,2006,https://boxd.it/28MA,4.5
2022-05-20,We Bought a Zoo,2011,https://boxd.it/2AU8,3
2022-05-20,Invictus,2009,https://boxd.it/1zPk,3
2022-05-20,The Brothers Grimm,2005,https://boxd.it/24kW,3
2022-05-20,Dead Poets Society,1989,https://boxd.it/2aSg,4.5
2022-05-20,Aladdin,1992,https://boxd.it/29yE,4
2022-05-20,Night at the Museum,2006,https://boxd.it/28wi,3
2022-05-20,Jumanji,1995,https://boxd.it/1ZLI,4
2022-05-20,Mrs. Doubtfire,1993,https://boxd.it/29Cw,3.5
2022-05-20,Happy Feet,2006,https://boxd.it/1XH0,3
2022-05-20,Night at the Museum: Battle of the Smithsonian,2009,https://boxd.it/1H7U,2.5
2022-05-20,Night at the Museum: Secret of the Tomb,2014,https://boxd.it/5x3m,2.5
2022-05-20,Flubber,1997,https://boxd.it/1YkQ,2.5
2022-05-20,Batman v Superman: Dawn of Justice,2016,https://boxd.it/6fBW,2.5
2022-05-20,Mamma Mia!,2008,https://boxd.it/1Tnq,3.5
2022-05-20,Pirates of the Caribbean: Dead Man's Chest,2006,https://boxd.it/2bfk,3
2022-05-20,Pirates of the Caribbean: The Curse of the Black Pearl,2003,https://boxd.it/70G,4
2022-05-20,Pirates of the Caribbean: Dead Men Tell No Tales,2017,https://boxd.it/5a9m,2.5
2022-05-20,Pirates of the Caribbean: At World's End,2007,https://boxd.it/2aGu,3
2022-05-20,Pirates of the Caribbean: On Stranger Tides,2011,https://boxd.it/27Z4,3
2022-05-20,Fantastic Mr. Fox,2009,https://boxd.it/1WyQ,4.5
2022-05-20,Coach Carter,2005,https://boxd.it/218e,3.5
2022-05-20,Rudy,1993,https://boxd.it/1NUe,3
2022-05-20,42,2013,https://boxd.it/3GBo,3.5
2022-05-20,The King,2019,https://boxd.it/ieZs,3
2022-05-20,The Grand Budapest Hotel,2014,https://boxd.it/3ZqO,4
2022-05-20,Moonrise Kingdom,2012,https://boxd.it/2Wng,3.5
2022-05-20,Robin Hood,2010,https://boxd.it/1D6o,2.5
2022-05-20,The Three Musketeers,2011,https://boxd.it/yXg,2
2022-05-20,The Three Musketeers,1993,https://boxd.it/1Xc2,3
2022-05-20,The Man in the Iron Mask,1998,https://boxd.it/1YZO,3
2022-05-20,Prince of Persia: The Sands of Time,2010,https://boxd.it/1YpQ,2
2022-05-20,Jumanji: Welcome to the Jungle,2017,https://boxd.it/bUeE,3
2022-05-20,Jumanji: The Next Level,2019,https://boxd.it/ixu4,3
2022-05-20,G.I. Joe: Retaliation,2013,https://boxd.it/2o6A,2
2022-05-20,G.I. Joe: The Rise of Cobra,2009,https://boxd.it/1Ndu,2
2022-05-20,Portrait of a Lady on Fire,2019,https://boxd.it/jkPq,4.5
2022-05-20,Riphagen the Untouchable,2016,https://boxd.it/e22q,3
2022-05-20,Avatar,2009,https://boxd.it/1Efm,3.5
2022-05-20,The Last Samurai,2003,https://boxd.it/29ZA,3
2022-05-20,The Silence of the Lambs,1991,https://boxd.it/2aHW,4.5
2022-05-20,Amadeus,1984,https://boxd.it/2aH8,4.5
2022-05-20,Your Name.,2016,https://boxd.it/cUqs,4.5
2022-05-20,From Up on Poppy Hill,2011,https://boxd.it/2VCa,4
2022-05-20,Amélie,2001,https://boxd.it/2aUc,4
2022-05-20,The Fault in Our Stars,2014,https://boxd.it/6BQa,3
2022-05-20,Bubble,2022,https://boxd.it/ymG6,3.5
2022-05-20,A Quiet Place,2018,https://boxd.it/fVJQ,3.5
2022-05-20,Get Out,2017,https://boxd.it/eOCm,4
2022-05-20,Hereditary,2018,https://boxd.it/hNVe,4
2022-05-20,Happy Death Day 2U,2019,https://boxd.it/ixt6,2
2022-05-20,Nightcrawler,2014,https://boxd.it/780m,4
2022-05-20,The Lazarus Effect,2015,https://boxd.it/7anW,2
2022-05-20,The Wolf of Wall Street,2013,https://boxd.it/3C1m,4
2022-05-20,Bohemian Rhapsody,2018,https://boxd.it/f1TK,4
2022-05-20,Need for Speed,2014,https://boxd.it/4p90,3
2022-05-20,Shutter Island,2010,https://boxd.it/1U82,4
2022-05-20,Catch Me If You Can,2002,https://boxd.it/29VS,4
2022-05-20,The Great Gatsby,2013,https://boxd.it/JY,4
2022-05-20,Romeo + Juliet,1996,https://boxd.it/2ama,3
2022-05-20,A Trip to the Moon,1902,https://boxd.it/29EC,4
2022-05-20,The Cabinet of Dr. Caligari,1920,https://boxd.it/2aOo,4
2022-05-20,Snow White and the Seven Dwarfs,1937,https://boxd.it/2arO,3
2022-05-20,Willy Wonka & the Chocolate Factory,1971,https://boxd.it/2aLu,4
2022-05-20,Charlie and the Chocolate Factory,2005,https://boxd.it/2b68,3
2022-05-20,Mary Poppins Returns,2018,https://boxd.it/e4nU,3
2022-05-20,The Greatest Showman,2017,https://boxd.it/acjI,4
2022-05-20,Les Misérables,2012,https://boxd.it/2TT4,3.5
2022-05-20,How the Grinch Stole Christmas,2000,https://boxd.it/1ZHQ,3
2022-05-20,Nanny McPhee,2005,https://boxd.it/1Uek,3
2022-05-20,The Nightmare Before Christmas,1993,https://boxd.it/1YzQ,4
2022-05-20,Young Frankenstein,1974,https://boxd.it/25To,4
2022-05-20,Rocky,1976,https://boxd.it/28Uk,4
2022-05-20,Rocky II,1979,https://boxd.it/28Ua,3.5
2022-05-20,Rocky III,1982,https://boxd.it/28Tw,3.5
2022-05-20,Rocky IV,1985,https://boxd.it/28T2,3.5
2022-05-20,Rocky V,1990,https://boxd.it/28SS,3
2022-05-20,Rocky Balboa,2006,https://boxd.it/291q,3.5
2022-05-20,Creed,2015,https://boxd.it/a2qk,4
2022-05-20,Creed II,2018,https://boxd.it/hgl8,3
2022-05-20,Real Steel,2011,https://boxd.it/147m,3
2022-05-20,Grease,1978,https://boxd.it/29YW,3.5
2022-05-20,Ferris Bueller's Day Off,1986,https://boxd.it/1YPY,3.5
2022-05-20,The Princess Bride,1987,https://boxd.it/26EY,4
2022-05-20,Groundhog Day,1993,https://boxd.it/2b3e,3
2022-05-20,Jurassic Park,1993,https://boxd.it/2aA2,4
2022-05-20,Jurassic World,2015,https://boxd.it/4n0g,3
2022-05-20,Jurassic World: Fallen Kingdom,2018,https://boxd.it/bOnU,2
2022-05-20,The Lost World: Jurassic Park,1997,https://boxd.it/2azS,3
2022-05-20,Jurassic Park III,2001,https://boxd.it/2azI,2
2022-05-20,The Lion King,1994,https://boxd.it/201Q,4.5
2022-05-20,Forrest Gump,1994,https://boxd.it/728,4
2022-05-20,The Green Mile,1999,https://boxd.it/2agG,4.5
2022-05-20,Borat Subsequent Moviefilm,2020,https://boxd.it/rNS0,3.5
2022-05-20,The Polar Express,2004,https://boxd.it/23am,4
2022-05-20,Borat: Cultural Learnings of America for Make Benefit Glorious Nation of Kazakhstan,2006,https://boxd.it/2agQ,4
2022-05-20,The Simpsons Movie,2007,https://boxd.it/6YU,3.5
2022-05-20,The Da Vinci Code,2006,https://boxd.it/2a3i,3
2022-05-20,A Beautiful Day in the Neighborhood,2019,https://boxd.it/i7vA,4
2022-05-20,E.T. the Extra-Terrestrial,1982,https://boxd.it/2a1G,3
2022-05-20,Edward Scissorhands,1990,https://boxd.it/2aZc,4
2022-05-20,21 Jump Street,2012,https://boxd.it/J0,3
2022-05-20,Murder on the Orient Express,2017,https://boxd.it/dHjA,3.5
2022-05-20,Knives Out,2019,https://boxd.it/jWEA,4
2022-05-20,Death on the Nile,2022,https://boxd.it/ifpg,3
2022-05-20,Sweeney Todd: The Demon Barber of Fleet Street,2007,https://boxd.it/1PcS,4
2022-05-20,Sleepy Hollow,1999,https://boxd.it/26u0,3.5
2022-05-20,Into the Woods,2014,https://boxd.it/6DtW,2.5
2022-05-20,The Ninth Gate,1999,https://boxd.it/29YM,3
2022-05-20,The Blair Witch Project,1999,https://boxd.it/26ua,2
2022-05-20,Paranormal Activity,2007,https://boxd.it/1yIM,2
2022-05-20,It,2017,https://boxd.it/bC8e,3.5
2022-05-20,It Chapter Two,2019,https://boxd.it/h10u,3
2022-05-20,The Babadook,2014,https://boxd.it/77xu,3.5
2022-05-20,The Haunting of Hill House,2018,https://boxd.it/kfJ0,4
2022-05-20,Oculus,2013,https://boxd.it/4W9M,3
2022-05-20,The Woman in Black,2012,https://boxd.it/4wu,3
2022-05-20,The Woman in Black 2: Angel of Death,2014,https://boxd.it/8Yww,2
2022-05-20,The Conjuring,2013,https://boxd.it/4sr2,4
2022-05-20,Veronica,2017,https://boxd.it/fHXa,4
2022-05-20,Into the Wild,2007,https://boxd.it/22m2,3
2022-05-20,WALL·E,2008,https://boxd.it/1VEo,4
2022-05-20,The Iron Giant,1999,https://boxd.it/1Wow,4
2022-05-20,Treasure Planet,2002,https://boxd.it/1Znm,4
2022-05-20,Passengers,2016,https://boxd.it/8lFu,2.5
2022-05-20,The King's Speech,2010,https://boxd.it/dX0,3.5
2022-05-20,The Cabin in the Woods,2011,https://boxd.it/1zOc,3.5
2022-05-20,Life of Pi,2012,https://boxd.it/37pC,4
2022-05-20,Whiplash,2014,https://boxd.it/7bQA,4.5
2022-05-20,Arrival,2016,https://boxd.it/aNGk,4
2022-05-22,File 253,2015,https://boxd.it/agww,2
2022-05-22,Grave Encounters,2011,https://boxd.it/D1G,3
2022-05-22,Grave Encounters 2,2012,https://boxd.it/4lpS,2.5
2022-05-22,The Houses October Built,2014,https://boxd.it/9fyO,3
2022-05-22,The Houses October Built 2,2017,https://boxd.it/gHkE,2
2022-05-22,Sinister,2012,https://boxd.it/2TnW,3
2022-05-22,Sinister 2,2015,https://boxd.it/8L58,2.5
2022-05-22,"As Above, So Below",2014,https://boxd.it/7yui,3
2022-05-22,Krampus,2015,https://boxd.it/8Wy6,3
2022-05-22,The Platform,2019,https://boxd.it/mUm6,4
2022-05-22,The Open House,2018,https://boxd.it/htmy,1.5
2022-05-22,The Strangers,2008,https://boxd.it/1VGY,3
2022-05-22,Saw,2004,https://boxd.it/2aWW,4
2022-05-22,Saw II,2005,https://boxd.it/2aRs,3
2022-05-22,Jigsaw,2017,https://boxd.it/9sDs,2.5
2022-05-22,Jeepers Creepers,2001,https://boxd.it/1ZAg,3
2022-05-22,Jeepers Creepers 2,2003,https://boxd.it/1U3Q,2
2022-05-22,Zodiac,2007,https://boxd.it/27MO,4
2022-05-22,Sherlock Holmes,2009,https://boxd.it/1W2A,4
2022-05-22,Sherlock Holmes: A Game of Shadows,2011,https://boxd.it/k3S,3.5
2022-05-22,Ratatouille,2007,https://boxd.it/27ww,4.5
2022-05-22,A Silent Voice: The Movie,2016,https://boxd.it/d99c,4.5
2022-05-22,Shrek,2001,https://boxd.it/29zi,4.5
2022-05-22,Shrek 2,2004,https://boxd.it/29z8,4
2022-05-22,Shrek the Third,2007,https://boxd.it/29yY,4
2022-05-22,Shrek Forever After,2010,https://boxd.it/1WRo,3
2022-05-22,Tangled,2010,https://boxd.it/15gO,4
2022-05-22,Frozen,2013,https://boxd.it/3GNa,3.5
2022-05-22,Hoodwinked!,2005,https://boxd.it/1UVS,3
2022-05-25,White Bird in a Blizzard,2014,https://boxd.it/4WEU,3
2022-05-25,Divergent,2014,https://boxd.it/4VT0,2.5
2022-05-25,The Vault,2021,https://boxd.it/nleI,3
2022-05-25,The Spiderwick Chronicles,2008,https://boxd.it/20v2,3
2022-05-27,Death Note,2006,https://boxd.it/psEs,4.5
2022-08-17,8 Mile,2002,https://boxd.it/2bew,4
2022-08-19,The Gray Man,2022,https://boxd.it/rb7q,4
2022-11-14,Black Panther: Wakanda Forever,2022,https://boxd.it/igPu,3.5
2022-11-15,Nope,2022,https://boxd.it/sDCe,4
2022-11-23,The Menu,2022,https://boxd.it/lScm,5
2022-12-21,Avatar: The Way of Water,2022,https://boxd.it/2E2E,4.5
2022-12-21,Guillermo del Toro's Pinocchio,2022,https://boxd.it/kjMW,4.5
2022-12-21,The Champion,2020,https://boxd.it/vUkW,3.5
2022-12-21,God's Crooked Lines,2022,https://boxd.it/xEUS,4
2022-12-21,Sorry to Bother You,2018,https://boxd.it/f21E,3.5
2022-12-21,Glass Onion,2022,https://boxd.it/oCkK,4.5
2022-12-23,King of Thieves,2018,https://boxd.it/iSmK,2.5
2022-12-24,The Guilty,2021,https://boxd.it/kOPW,3.5
2022-12-26,Mr. Harrigan's Phone,2022,https://boxd.it/r6VK,4
2022-12-31,The Outsider,2018,https://boxd.it/6190,3
2022-12-31,The House,2022,https://boxd.it/yVza,4
2022-12-31,Enola Holmes 2,2022,https://boxd.it/vfDe,3.5
2022-12-31,Enola Holmes,2020,https://boxd.it/hX2o,3.5
2023-01-10,All Quiet on the Western Front,2022,https://boxd.it/H08,4.5
2023-01-10,Fury,2014,https://boxd.it/6JwC,3.5
2023-01-16,The Conjuring: The Devil Made Me Do It,2021,https://boxd.it/eXZY,3
2023-01-16,Olympus Has Fallen,2013,https://boxd.it/3TMY,3
2023-01-16,Squid Game,2021,https://boxd.it/x1OG,4.5
2023-01-16,The Hunger Games,2012,https://boxd.it/2uds,3
2023-01-22,American Psycho,2000,https://boxd.it/28Vs,3.5
2023-01-26,The Titan,2018,https://boxd.it/h7K4,2.5
2023-03-06,Creed III,2023,https://boxd.it/pf68,4.5
2023-03-11,Bullet Train,2022,https://boxd.it/qW26,3
2023-03-16,Munich – The Edge of War,2021,https://boxd.it/sy84,3.5
2023-03-19,The Bad Guys,2022,https://boxd.it/nkg4,3
2023-03-24,Bastille Day,2016,https://boxd.it/aZYK,3
2023-04-08,John Wick: Chapter 4,2023,https://boxd.it/mh48,4
2023-04-08,The Super Mario Bros. Movie,2023,https://boxd.it/i8C8,4
2023-04-24,Suzume,2022,https://boxd.it/yv7Y,4.5
2023-05-17,Ted,2012,https://boxd.it/2pgc,3
2023-05-21,Luther: The Fallen Sun,2023,https://boxd.it/r3t4,3
2023-06-02,Blood & Gold,2023,https://boxd.it/FwA2,2.5
2023-06-16,Se7en,1995,https://boxd.it/29zs,4.5
2023-06-16,The King of Staten Island,2020,https://boxd.it/litG,3.5
2023-07-23,They Cloned Tyrone,2023,https://boxd.it/rE7a,3.5
2023-07-24,Keanu,2016,https://boxd.it/brha,3.5
2023-07-25,Indiana Jones and the Dial of Destiny,2023,https://boxd.it/b8vM,3.5
2023-07-27,Puss in Boots: The Last Wish,2022,https://boxd.it/aaie,4
2023-07-31,"Extremely Wicked, Shockingly Evil and Vile",2019,https://boxd.it/glCG,3
2023-08-04,Secret Window,2004,https://boxd.it/28xq,4
2023-08-08,Donnie Brasco,1997,https://boxd.it/1YRA,4
2023-08-10,The Negotiator,1998,https://boxd.it/1YbO,4
2023-08-17,The Pope's Exorcist,2023,https://boxd.it/stZ8,2.5
2023-08-31,Annihilation,2018,https://boxd.it/9yzm,3
2023-09-08,As the Gods Will,2014,https://boxd.it/76T0,3
2023-09-08,Encanto,2021,https://boxd.it/kPRu,3.5
2023-09-08,The Expendables,2010,https://boxd.it/1rtA,4
2023-09-08,The Expendables 2,2012,https://boxd.it/2CPE,3
2023-09-08,Spider-Man: Across the Spider-Verse,2023,https://boxd.it/kSz4,4.5
2023-10-27,Ford v Ferrari,2019,https://boxd.it/ce74,4.5
2023-10-27,Air,2023,https://boxd.it/Arlc,4
2023-10-27,BlacKkKlansman,2018,https://boxd.it/hxL8,4
2023-10-27,Taylor Swift: The Eras Tour,2023,https://boxd.it/HTIi,4.5
2023-11-11,"tick, tick... BOOM!",2021,https://boxd.it/jz2e,4.5
2023-11-11,Hubie Halloween,2020,https://boxd.it/mQwm,2.5
2023-11-11,Death Note,2017,https://boxd.it/bOS4,1.5
2023-11-11,A Star Is Born,2018,https://boxd.it/aXgc,3.5
2023-11-11,The Pale Blue Eye,2022,https://boxd.it/u8tk,3.5
2023-11-21,The Walk,2015,https://boxd.it/8Rao,4
2023-11-21,Scott Pilgrim vs. the World,2010,https://boxd.it/1Aq6,3.5
2023-12-03,A Haunting in Venice,2023,https://boxd.it/zGdg,3.5
2023-12-03,The Blackening,2022,https://boxd.it/C6VM,3.5
2024-01-03,Wonka,2023,https://boxd.it/tCQm,4.5
2024-01-03,The Boy and the Heron,2023,https://boxd.it/ipeM,4
2024-01-29,The Wonderful Story of Henry Sugar,2023,https://boxd.it/yNyo,4.5
2024-01-29,The Rat Catcher,2023,https://boxd.it/Is8a,4
2024-01-29,Poison,2023,https://boxd.it/Is7Q,4
2024-01-29,The Swan,2023,https://boxd.it/Is80,4
2024-02-24,Unthinkable,2010,https://boxd.it/16y0,4
2024-02-24,The Iron Claw,2023,https://boxd.it/w5Pm,5
2024-02-26,The Prince of Egypt,1998,https://boxd.it/1XGQ,4
2024-02-26,Mad Max: Fury Road,2015,https://boxd.it/2DjO,4.5
2024-02-26,Back to the Future,1985,https://boxd.it/2b8e,3
2024-02-26,Indiana Jones and the Last Crusade,1989,https://boxd.it/2baO,4.5
2024-03-01,Dune: Part Two,2024,https://boxd.it/pUfA,5
2024-03-30,The Usual Suspects,1995,https://boxd.it/29XE,4
2024-03-31,The Outfit,2022,https://boxd.it/u6Eq,4.5
2024-03-31,Murder Mystery,2019,https://boxd.it/iEBm,3.5
2024-04-07,Bodies Bodies Bodies,2022,https://boxd.it/iRcE,4
2024-04-15,Glass,2019,https://boxd.it/g3uO,3.5
2024-04-15,Gran Turismo,2023,https://boxd.it/B2lS,4
2024-04-16,Ocean's Eleven,2001,https://boxd.it/2aZm,4
2024-04-27,Ocean's Twelve,2004,https://boxd.it/2aZ2,3.5
2024-04-27,The Hunger Games: The Ballad of Songbirds & Snakes,2023,https://boxd.it/pZCY,4
2024-04-27,The Hunger Games: Catching Fire,2013,https://boxd.it/3sAw,4
2024-04-29,Spaceman,2024,https://boxd.it/nC20,3.5
2024-05-09,The Fall Guy,2024,https://boxd.it/s0Bm,4
2024-05-09,Ricky Stanicky,2024,https://boxd.it/CFjo,3
2024-05-09,The Gentlemen,2019,https://boxd.it/iYBQ,3.5
2024-05-14,Thor: Love and Thunder,2022,https://boxd.it/mMAY,2.5
2024-05-14,Ocean's Thirteen,2007,https://boxd.it/2aEy,3
2024-05-14,The Monuments Men,2014,https://boxd.it/4OxQ,3
2024-05-14,Happy Feet Two,2011,https://boxd.it/2Om,2
2024-05-20,Ant-Man and the Wasp: Quantumania,2023,https://boxd.it/nL2y,2.5
2024-05-20,Day Shift,2022,https://boxd.it/sn8W,3.5
2024-05-20,Uncut Gems,2019,https://boxd.it/gXGc,4.5
2024-05-20,Everything Everywhere All at Once,2022,https://boxd.it/jUk4,5
2024-05-20,Dream Scenario,2023,https://boxd.it/v2h0,3.5
2024-05-20,The Dark Knight Rises,2012,https://boxd.it/H3m,4
2024-05-20,Batman Begins,2005,https://boxd.it/2aIg,3
2024-05-20,Hugo,2011,https://boxd.it/R08,4.5
2024-05-27,Monty Python and the Holy Grail,1975,https://boxd.it/29GI,4
2024-05-27,Life of Brian,1979,https://boxd.it/2a4q,3
2024-05-29,Rush Hour,1998,https://boxd.it/27pU,4.5
2024-06-08,Furiosa: A Mad Max Saga,2024,https://boxd.it/tABk,4.5
2024-06-11,HAIKYU!! The Dumpster Battle,2024,https://boxd.it/Cgri,4.5
2024-06-11,The Big Short,2015,https://boxd.it/ajZw,3.5
2024-06-11,The Two Popes,2019,https://boxd.it/k8Xk,3.5
2024-06-11,The Thing,1982,https://boxd.it/294O,4
2024-06-11,Lightyear,2022,https://boxd.it/qV1G,2.5
2024-06-11,Scary Movie 4,2006,https://boxd.it/24B4,3
2024-06-11,Scary Movie,2000,https://boxd.it/24CG,3
2024-06-11,Scary Movie 2,2001,https://boxd.it/24Cw,3.5
2024-06-11,Scary Movie 3,2003,https://boxd.it/24Be,2.5
2024-06-29,Paper Towns,2015,https://boxd.it/8T5g,2.5
2024-07-23,Ferrari,2023,https://boxd.it/cEtq,3
2024-07-30,Deadpool & Wolverine,2024,https://boxd.it/jq8s,4.5
2024-07-30,Police Story,1985,https://boxd.it/1Zhe,4
2024-08-05,Harry Potter and the Goblet of Fire,2005,https://boxd.it/29Qo,3
2024-08-05,Harry Potter and the Order of the Phoenix,2007,https://boxd.it/29Qe,4
2024-08-09,The School for Good and Evil,2022,https://boxd.it/tjO2,3
2024-08-16,Lucky Number Slevin,2006,https://boxd.it/2aVu,3.5
2024-09-25,Transformers One,2024,https://boxd.it/q7bc,4
2024-09-26,Bridge to Terabithia,2007,https://boxd.it/28YG,3.5
2024-09-26,Rebel Ridge,2024,https://boxd.it/nZum,4
2024-09-26,Race to Witch Mountain,2009,https://boxd.it/1PiQ,2.5
2024-10-03,Mission: Impossible II,2000,https://boxd.it/29cS,3
2024-10-08,It's What's Inside,2024,https://boxd.it/DOV4,4
2024-10-10,47 Ronin,2013,https://boxd.it/Jk,2.5
2024-10-28,Conclave,2024,https://boxd.it/AO8q,4
2024-10-30,The King's Man,2021,https://boxd.it/h714,3.5
2024-10-30,Kingsman: The Secret Service,2014,https://boxd.it/6dxe,3.5
2024-10-30,Gladiator,2000,https://boxd.it/2b9m,4.5
2024-11-09,Coherence,2013,https://boxd.it/6xza,4
2024-11-21,Shōgun,2024,https://boxd.it/LciY,4.5
2024-11-22,Smile,2022,https://boxd.it/xjfE,3
2024-11-29,Prisoners,2013,https://boxd.it/4E5i,4.5
2024-11-29,The Pianist,2002,https://boxd.it/2aqc,5
2024-12-04,Dear Evan Hansen,2021,https://boxd.it/kOP8,3
2024-12-14,Carry-On,2024,https://boxd.it/C0B2,4
2024-12-21,Interstellar,2014,https://boxd.it/4VZ8,5
2024-12-26,The Lighthouse,2019,https://boxd.it/icFU,3.5
2024-12-28,A Complete Unknown,2024,https://boxd.it/oBYa,4
2024-12-29,The Last Kingdom: Seven Kings Must Die,2023,https://boxd.it/zO1C,3.5
2025-01-06,Nosferatu,2024,https://boxd.it/f5eG,4.5
2025-01-08,We Have a Ghost,2023,https://boxd.it/wa4K,0.5
2025-01-12,The Wizard of Oz,1939,https://boxd.it/29Xu,4
2025-01-12,Slap Shot,1977,https://boxd.it/1TtS,3
2025-01-12,Bolt,2008,https://boxd.it/1QXg,3.5
2025-01-12,Garfield,2004,https://boxd.it/1ZAA,2.5
2025-01-12,Stuart Little,1999,https://boxd.it/1WZW,3
2025-01-12,Over the Hedge,2006,https://boxd.it/20QY,4
2025-01-12,The Smurfs,2011,https://boxd.it/Zcm,2
2025-01-12,The Lorax,2012,https://boxd.it/2w9M,3
2025-01-12,The Croods,2013,https://boxd.it/FRE,3.5
2025-01-12,Alvin and the Chipmunks,2007,https://boxd.it/21E0,3
2025-01-12,Curious George,2006,https://boxd.it/1Xos,3
2025-01-12,Horton Hears a Who!,2008,https://boxd.it/1SfA,3.5
2025-01-12,The Lego Movie,2014,https://boxd.it/4pDO,3.5
2025-01-12,Son of the Mask,2005,https://boxd.it/1WNQ,2
2025-01-12,The Mask,1994,https://boxd.it/29rS,4
2025-01-12,Peter Rabbit,2018,https://boxd.it/di8W,3
2025-01-12,Epic,2013,https://boxd.it/3SNm,3
2025-01-12,The SpongeBob SquarePants Movie,2004,https://boxd.it/1SYq,4
2025-01-12,Stuart Little 2,2002,https://boxd.it/1UTW,3
2025-01-12,Inspector Gadget,1999,https://boxd.it/2azy,2.5
2025-01-12,Scooby-Doo,2002,https://boxd.it/1YaQ,3.5
2025-01-12,Scooby-Doo 2: Monsters Unleashed,2004,https://boxd.it/1UPA,3
2025-01-12,Fat Albert,2004,https://boxd.it/1MVA,2.5
2025-01-12,Looney Tunes: Back in Action,2003,https://boxd.it/1Vzo,3
2025-01-12,George of the Jungle,1997,https://boxd.it/1VQO,2.5
2025-01-12,The Powerpuff Girls Movie,2002,https://boxd.it/ibg,3
2025-01-12,Jimmy Neutron: Boy Genius,2001,https://boxd.it/1RDm,3
2025-01-12,Cloudy with a Chance of Meatballs,2009,https://boxd.it/1A40,3.5
2025-01-12,Anchorman 2: The Legend Continues,2013,https://boxd.it/3GNk,2.5
2025-01-12,Anchorman: The Legend of Ron Burgundy,2004,https://boxd.it/1ZVo,3.5
2025-01-12,Napoleon Dynamite,2004,https://boxd.it/20wu,3.5
2025-01-12,A Million Ways to Die in the West,2014,https://boxd.it/5H9k,2
2025-01-12,Johnny English Reborn,2011,https://boxd.it/kQq,3.5
2025-01-12,Johnny English Strikes Again,2018,https://boxd.it/gzGW,3
2025-01-12,Paul Blart: Mall Cop,2009,https://boxd.it/1NQw,2.5
2025-01-12,Cheaper by the Dozen,2003,https://boxd.it/1USa,3
2025-01-12,Cheaper by the Dozen 2,2005,https://boxd.it/1Yac,3
2025-01-12,Are We There Yet?,2005,https://boxd.it/1Tms,3.5
2025-01-12,Are We Done Yet?,2007,https://boxd.it/1WUi,2.5
2025-02-04,Late Night with the Devil,2023,https://boxd.it/zo6G,4
2025-02-11,Hundreds of Beavers,2022,https://boxd.it/CyUM,4.5
2025-02-17,Hot Fuzz,2007,https://boxd.it/2416,4.5
2025-02-17,See How They Run,2022,https://boxd.it/sNVq,3.5
2025-02-17,Rush Hour 2,2001,https://boxd.it/23ga,4
2025-02-23,The Nice Guys,2016,https://boxd.it/94Hg,4.5
2025-02-28,Don't Let Go,2019,https://boxd.it/jF2k,4
2025-03-02,The Harder They Fall,2021,https://boxd.it/mRCU,4
2025-03-04,The Giver,2014,https://boxd.it/6HWo,3.5
2025-03-07,Memento,2000,https://boxd.it/2bcK,4
2025-03-09,Public Enemies,2009,https://boxd.it/1U8m,3.5
2025-03-13,Courageous,2011,https://boxd.it/2oYW,3.5
2025-03-20,Mickey 17,2025,https://boxd.it/q1Dk,4
2025-03-22,Rope,1948,https://boxd.it/28yo,4.5
2025-03-22,Kung Fu Panda,2008,https://boxd.it/1Yws,4
2025-03-22,Kung Fu Panda 2,2011,https://boxd.it/G36,3.5
2025-03-22,The Sandlot,1993,https://boxd.it/1TDy,3.5
2025-03-22,Home Alone,1990,https://boxd.it/29Fg,4
2025-03-22,Home Alone 2: Lost in New York,1992,https://boxd.it/29F6,4
2025-03-22,Home Alone 3,1997,https://boxd.it/1XZ4,3
2025-03-22,Remember the Titans,2000,https://boxd.it/1VLk,4
2025-03-22,When the Game Stands Tall,2014,https://boxd.it/6QRs,3
2025-03-22,Radio,2003,https://boxd.it/1P8m,4
2025-03-22,Facing the Giants,2006,https://boxd.it/1G2u,3
2025-03-22,We Are Marshall,2006,https://boxd.it/1UsQ,3
2025-03-22,The Goonies,1985,https://boxd.it/1YVC,4
2025-03-22,Beauty and the Beast,1991,https://boxd.it/1XhG,3.5
2025-03-22,Who Framed Roger Rabbit,1988,https://boxd.it/29ry,4
2025-03-22,The Little Mermaid,1989,https://boxd.it/1WYO,3.5
2025-03-22,The Jungle Book,1967,https://boxd.it/1YY2,4
2025-03-22,Brother Bear,2003,https://boxd.it/1Xjs,3.5
2025-03-22,Robin Hood,1973,https://boxd.it/1SRa,4
2025-03-22,The Sword in the Stone,1963,https://boxd.it/1ZdG,4
2025-03-22,Tarzan,1999,https://boxd.it/18YO,4
2025-03-22,Tarzan II,2005,https://boxd.it/1LNU,2.5
2025-03-22,Madagascar,2005,https://boxd.it/29dc,3.5
2025-03-22,Open Season,2006,https://boxd.it/20U2,3.5
2025-03-22,Barnyard,2006,https://boxd.it/1XyC,3
2025-03-22,Chicken Little,2005,https://boxd.it/1Xnu,2.5
2025-03-22,Lilo & Stitch,2002,https://boxd.it/1TAY,3.5
2025-03-22,Garfield: A Tail of Two Kitties,2006,https://boxd.it/1YuG,2.5
2025-03-22,Battle Royale,2000,https://boxd.it/25zS,4
2025-03-22,The Fugitive,1993,https://boxd.it/230G,4
2025-03-22,Elf,2003,https://boxd.it/1VyK,3.5
2025-03-22,Journey to the Center of the Earth,2008,https://boxd.it/38EI,3
2025-03-22,The Sorcerer's Apprentice,2010,https://boxd.it/1sGg,3
2025-03-22,The Lord of the Rings: The Return of the King,2003,https://boxd.it/2b5u,4
2025-03-22,The Dark Knight,2008,https://boxd.it/2b0k,4
2025-03-22,The Sand,2015,https://boxd.it/bFm4,1.5
2025-03-23,The Secret Life of Walter Mitty,2013,https://boxd.it/3SWy,4
2025-03-25,The Parent Trap,1998,https://boxd.it/1XJq,4
2025-03-25,Hachi: A Dog's Tale,2009,https://boxd.it/1q4a,3.5
2025-03-25,Operation Mincemeat,2021,https://boxd.it/oAY4,3.5
2025-03-25,A Christmas Carol,2009,https://boxd.it/1HKW,3
2025-04-07,Ed Wood,1994,https://boxd.it/2adM,4.5
2025-04-09,Lassie,1994,https://boxd.it/1mmY,3.5
2025-04-11,Fantastic Beasts: The Secrets of Dumbledore,2022,https://boxd.it/bg8Q,3
2025-04-15,The Adjustment Bureau,2011,https://boxd.it/16T8,3.5
2025-04-21,Sinners,2025,https://boxd.it/KQMM,4.5
2025-04-22,The Transformers: The Movie,1986,https://boxd.it/280m,4
2025-04-22,Transformers: Rise of the Beasts,2023,https://boxd.it/oQTa,3
2025-04-22,Transformers,2007,https://boxd.it/280c,3.5
2025-04-27,Stand and Deliver,1988,https://boxd.it/1o5g,4
2025-04-27,Princess Mononoke,1997,https://boxd.it/2b4w,4
2025-04-27,Strangers on a Train,1951,https://boxd.it/29tk,4
2025-05-18,Heretic,2024,https://boxd.it/H1lY,3.5
2025-05-18,Beowulf,2007,https://boxd.it/26Xw,3
2025-05-18,"I, Frankenstein",2014,https://boxd.it/3r40,2.5
2025-05-18,Ender's Game,2013,https://boxd.it/2N9Y,3.5
2025-05-19,Star Wars: Episode I – The Phantom Menace,1999,https://boxd.it/27Vc,4
2025-05-19,Star Wars: Episode II – Attack of the Clones,2002,https://boxd.it/27V2,4
2025-05-22,The Killer,2023,https://boxd.it/u6WE,3.5
2025-05-23,Tetris,2023,https://boxd.it/rePK,4
2025-05-24,Eternals,2021,https://boxd.it/j36o,3.5
2025-05-24,Rogue One: A Star Wars Story,2016,https://boxd.it/aPvy,4
2025-05-24,Legend of the Guardians: The Owls of Ga'Hoole,2010,https://boxd.it/ZUy,3
2025-05-24,October Sky,1999,https://boxd.it/1Q7u,4
2025-05-24,Novocaine,2025,https://boxd.it/JmdA,4
2025-05-25,There Will Be Blood,2007,https://boxd.it/20Z2,4.5
2025-05-26,"Love, Death & Robots: Bad Travelling",2022,https://boxd.it/BykM,4
2025-05-27,GoodFellas,1990,https://boxd.it/29FA,4.5
2025-05-27,The Irishman,2019,https://boxd.it/dYOq,4.5
2025-05-30,Ella Enchanted,2004,https://boxd.it/1O5G,3.5
2025-05-30,Enchanted,2007,https://boxd.it/24co,4
2025-05-30,Twitches,2005,https://boxd.it/1BPw,3
2025-05-30,Twitches Too,2007,https://boxd.it/NNg,3
2025-05-30,Hocus Pocus,1993,https://boxd.it/1Wgi,4
2025-05-30,Halloweentown,1998,https://boxd.it/1qPq,3.5
2025-05-30,Halloweentown II: Kalabar's Revenge,2001,https://boxd.it/1e98,3.5
2025-05-30,Halloweentown High,2004,https://boxd.it/1dG6,3
2025-05-30,Return to Halloweentown,2006,https://boxd.it/1e9i,3
2025-05-30,Matilda,1996,https://boxd.it/1VhY,4
2025-05-30,Diary of a Wimpy Kid,2010,https://boxd.it/1fUa,3.5
2025-05-30,Mean Girls,2004,https://boxd.it/1VNg,4
2025-05-30,Sky High,2005,https://boxd.it/1TNI,3.5
2025-05-30,17 Again,2009,https://boxd.it/1Jnq,3
2025-05-30,Pinocchio,1940,https://boxd.it/1V8C,3
2025-05-30,Bambi,1942,https://boxd.it/25AQ,3.5
2025-05-30,Dumbo,1941,https://boxd.it/1U2o,4
2025-05-30,The Many Adventures of Winnie the Pooh,1977,https://boxd.it/7l0Y,4
2025-05-30,Cloud 9,2014,https://boxd.it/7cZ4,3
2025-05-30,Teen Beach Movie,2013,https://boxd.it/5rKa,3.5
2025-05-30,Monsters University,2013,https://boxd.it/bQm,3.5
2025-05-30,John Carter,2012,https://boxd.it/FQ2,3.5
2025-05-30,Radio Rebel,2012,https://boxd.it/39mq,2.5
2025-05-30,Phineas and Ferb The Movie: Across the 2nd Dimension,2011,https://boxd.it/2ql8,4
2025-05-30,The Lion King 1½,2004,https://boxd.it/1TRg,3.5
2025-05-30,The Lion King II: Simba's Pride,1998,https://boxd.it/1XWu,3
2025-05-30,A Goofy Movie,1995,https://boxd.it/1Lwu,4.5
2025-05-30,Mulan,1998,https://boxd.it/1VFw,4.5
2025-05-30,One Hundred and One Dalmatians,1961,https://boxd.it/1SeC,4
2025-05-30,Hercules,1997,https://boxd.it/1SDW,3.5
2025-05-30,A Bug's Life,1998,https://boxd.it/1Yyy,3.5
2025-05-30,The Hunchback of Notre Dame,1996,https://boxd.it/1VZQ,3.5
2025-05-30,The Brave Little Toaster,1987,https://boxd.it/1ElO,3.5
2025-05-30,Pete's Dragon,1977,https://boxd.it/1UBy,3
2025-05-30,The Aristocats,1970,https://boxd.it/1X3Y,4
2025-05-30,Alice in Wonderland,1951,https://boxd.it/1Sz6,4
2025-05-30,Air Bud,1997,https://boxd.it/1CYY,2.5
2025-05-30,Air Buddies,2006,https://boxd.it/1XoM,2.5
2025-05-30,Beverly Hills Chihuahua,2008,https://boxd.it/1Ob0,3
2025-05-30,TRON: Legacy,2010,https://boxd.it/1Dlo,3.5
2025-05-30,National Treasure: Book of Secrets,2007,https://boxd.it/21rq,3
2025-05-30,High School Musical 2,2007,https://boxd.it/1PIu,3.5
2025-05-30,High School Musical,2006,https://boxd.it/1V0y,4
2025-05-30,High School Musical 3: Senior Year,2008,https://boxd.it/1SR0,3.5
2025-05-30,Let It Shine,2012,https://boxd.it/3PLi,4
2025-05-30,The Suite Life Movie,2011,https://boxd.it/f92,3
2025-05-30,Lemonade Mouth,2011,https://boxd.it/4bG,4
2025-05-30,Camp Rock,2008,https://boxd.it/1PHw,3.5
2025-05-30,Camp Rock 2: The Final Jam,2010,https://boxd.it/Sru,3
2025-05-30,Geek Charming,2011,https://boxd.it/2Q8k,3
2025-05-30,Hannah Montana: The Movie,2009,https://boxd.it/1Hx4,3.5
2025-05-30,Hatching Pete,2009,https://boxd.it/ykI,2.5
2025-05-30,Wizards of Waverly Place: The Movie,2009,https://boxd.it/1thQ,3.5
2025-05-30,Princess Protection Program,2009,https://boxd.it/1F5s,3
2025-05-30,The Cheetah Girls,2003,https://boxd.it/1hkS,3
2025-05-30,Minutemen,2008,https://boxd.it/1AG4,3
2025-05-30,Jump In!,2007,https://boxd.it/1P16,3
2025-05-30,The Shaggy Dog,2006,https://boxd.it/1XaK,2.5
2025-05-30,The Santa Clause 2,2002,https://boxd.it/1ZmI,3
2025-05-30,The Santa Clause,1994,https://boxd.it/1TWK,3.5
2025-05-30,The Santa Clause 3: The Escape Clause,2006,https://boxd.it/1Psw,3
2025-05-30,Wendy Wu: Homecoming Warrior,2006,https://boxd.it/d32,3
2025-05-30,National Treasure,2004,https://boxd.it/27x0,4
2025-05-30,Zenon: Girl of the 21st Century,1999,https://boxd.it/1djc,3
2025-05-30,Holes,2003,https://boxd.it/20mE,4
2025-05-30,Eddie's Million Dollar Cook Off,2003,https://boxd.it/45iG,3
2025-05-30,The Even Stevens Movie,2003,https://boxd.it/CPU,3
2025-05-30,G-Force,2009,https://boxd.it/1ETc,3
2025-05-30,101 Dalmatians,1996,https://boxd.it/1TgO,3
2025-05-30,The Black Cauldron,1985,https://boxd.it/1UYW,3.5
2025-05-30,Cool Runnings,1993,https://boxd.it/29qg,3
2025-05-30,Homeward Bound: The Incredible Journey,1993,https://boxd.it/21lM,4
2025-05-30,The Luck of the Irish,2001,https://boxd.it/Obs,3
2025-05-30,The Muppets,2011,https://boxd.it/1zg,3.5
2025-05-30,The Princess Diaries,2001,https://boxd.it/1XCO,3.5
2025-05-30,Underdog,2007,https://boxd.it/21vi,2.5
2025-05-30,Beethoven,1992,https://boxd.it/1T36,3.5
2025-05-30,Beethoven's 2nd,1993,https://boxd.it/1Wgs,3
2025-05-30,Super 8,2011,https://boxd.it/dVI,4
2025-05-31,Mission: Impossible – The Final Reckoning,2025,https://boxd.it/l7A2,4.5
2025-05-31,The Last Airbender,2010,https://boxd.it/1WQK,3
2025-05-31,Dragonball Evolution,2009,https://boxd.it/1ODy,1.5
2025-05-31,FRED: The Movie,2010,https://boxd.it/OAi,1
2025-05-31,Smiley,2012,https://boxd.it/3Xrq,1
2025-05-31,Eraserhead,1977,https://boxd.it/299u,5
