Date,Name,Year,Letterboxd URI,Type,Genre,IMDbRating,Runtime,OMDbYear
2025-03-22,Peeping Tom,,https://boxd.it/1Utk,movie,"Drama, Horror, Thriller",7.6,101 min,1960
2025-03-22,A Few Good Men,,https://boxd.it/29nw,movie,"Drama, Thriller",7.7,138 min,1992
2025-03-25,Let the Right One In,,https://boxd.it/1Qr0,movie,"Drama, Fantasy, Horror",7.8,114 min,2008
2025-03-25,The Day of the Jackal,,https://boxd.it/23GM,series,"Action, Crime, Drama",8.1,N/A,2024–
2025-03-25,The Game,,https://boxd.it/26vC,movie,"Drama, Mystery, Thriller",7.7,129 min,1997
2025-03-25,Kingsman: The Golden Circle,,https://boxd.it/buJm,movie,"Action, Adventure, Comedy",6.7,141 min,2017
2025-03-25,Back to the Future,,https://boxd.it/2b8e,movie,"Adventure, Comedy, Sci-Fi",8.5,116 min,1985
2025-03-25,The Shawshank Redemption,,https://boxd.it/2aHi,movie,Drama,9.3,142 min,1994
2025-03-25,Fight Club,,https://boxd.it/2a9q,movie,"Crime, Drama, Thriller",8.8,139 min,1999
2025-03-25,Jojo Rabbit,,https://boxd.it/iEBG,movie,"Comedy, Drama, War",7.9,108 min,2019
2025-03-25,Heat,,https://boxd.it/2bg8,movie,"Action, Crime, Drama",8.3,170 min,1995
2025-03-25,Citizen Kane,,https://boxd.it/71O,movie,"Drama, Mystery",8.3,119 min,1941
2025-03-25,The Godfather Part II,,https://boxd.it/2aNq,movie,"Crime, Drama",9.0,202 min,1974
2025-03-25,The Godfather,,https://boxd.it/2aNK,movie,"Crime, Drama",9.2,175 min,1972
2025-03-25,Clue,,https://boxd.it/1MDQ,movie,"Comedy, Crime, Mystery",7.3,94 min,1985
2025-03-25,Django Unchained,,https://boxd.it/2cCk,movie,"Comedy, Drama, Western",8.5,165 min,2012
2025-03-25,Seven Samurai,,https://boxd.it/2axi,movie,"Action, Drama",8.6,207 min,1954
2025-03-25,The Shining,,https://boxd.it/29Nu,movie,"Drama, Horror",8.4,146 min,1980
2025-03-25,A Clockwork Orange,,https://boxd.it/2aVE,movie,"Crime, Sci-Fi",8.2,136 min,1971
2025-03-25,2001: A Space Odyssey,,https://boxd.it/2bf0,movie,"Adventure, Sci-Fi",8.3,149 min,1968
2025-03-25,Vertigo,,https://boxd.it/2apI,movie,"Mystery, Romance, Thriller",8.3,128 min,1958
2025-03-25,Blade Runner,,https://boxd.it/2bcA,movie,"Action, Drama, Sci-Fi",8.1,117 min,1982
2025-03-25,The Exorcist,,https://boxd.it/1Yoo,movie,Horror,8.1,122 min,1973
2025-03-25,Scarface,,https://boxd.it/2b7g,movie,"Crime, Drama",8.3,170 min,1983
2025-03-25,The Terminator,,https://boxd.it/2aQY,movie,"Action, Adventure, Sci-Fi",8.1,107 min,1984
2025-03-25,The Matrix,,https://boxd.it/2a1m,movie,"Action, Sci-Fi",8.7,136 min,1999
2025-03-25,Cinema Paradiso,,https://boxd.it/1UlA,movie,"Drama, Romance",8.5,174 min,1988
2025-03-25,Blade Runner 2049,,https://boxd.it/b8wK,movie,"Action, Drama, Mystery",8.0,164 min,2017
2025-03-25,The Sixth Sense,,https://boxd.it/29Js,movie,"Drama, Mystery, Thriller",8.2,107 min,1999
2025-03-25,Speed,,https://boxd.it/28qk,movie,"Action, Adventure, Thriller",7.3,116 min,1994
2025-03-25,Die Hard,,https://boxd.it/2a7u,movie,"Action, Thriller",8.2,132 min,1988
2025-03-25,Rain Man,,https://boxd.it/2avw,movie,Drama,8.0,133 min,1988
2025-03-25,What's Eating Gilbert Grape,,https://boxd.it/28xg,movie,Drama,7.7,118 min,1993
2025-03-25,The Terminal,,https://boxd.it/2a2O,movie,"Comedy, Drama, Romance",7.4,128 min,2004
2025-03-25,"Crouching Tiger, Hidden Dragon",,https://boxd.it/2b1M,movie,"Action, Adventure, Drama",7.9,120 min,2000
2025-03-25,Ghost in the Shell,,https://boxd.it/1YYc,movie,"Action, Crime, Drama",6.3,107 min,2017
2025-03-25,No Country for Old Men,,https://boxd.it/21ew,movie,"Crime, Drama, Thriller",8.2,122 min,2007
2025-03-25,Gone Girl,,https://boxd.it/6hQu,movie,"Drama, Mystery, Thriller",8.1,149 min,2014
2025-03-25,Donnie Darko,,https://boxd.it/2b2A,movie,"Drama, Mystery, Sci-Fi",8.0,113 min,2001
2025-03-25,Inglourious Basterds,,https://boxd.it/1JzG,movie,"Adventure, Drama, War",8.4,153 min,2009
2025-03-25,"The Good, the Bad and the Ugly",,https://boxd.it/2ape,movie,"Adventure, Western",8.8,178 min,1966
2025-03-25,The Prestige,,https://boxd.it/293w,movie,"Drama, Mystery, Sci-Fi",8.5,130 min,2006
2025-03-25,Pan's Labyrinth,,https://boxd.it/28No,movie,"Drama, Fantasy, War",8.2,118 min,2006
2025-03-25,Metropolis,,https://boxd.it/71a,movie,"Drama, Sci-Fi",8.3,153 min,1927
2025-03-25,Birdman or (The Unexpected Virtue of Ignorance),,https://boxd.it/5RFA,movie,"Comedy, Drama",7.7,119 min,2014
2025-03-25,Moulin Rouge!,,https://boxd.it/29wI,movie,"Drama, Musical, Romance",7.6,127 min,2001
2025-03-25,Fiddler on the Roof,,https://boxd.it/1Nle,movie,"Drama, Family, Musical",8.0,181 min,1971
2025-03-25,Oppenheimer,,https://boxd.it/wUow,movie,"Biography, Drama, History",8.3,180 min,2023
2025-03-25,Halloween,,https://boxd.it/2wRu,movie,"Horror, Thriller",7.7,91 min,1978
2025-03-25,Young Frankenstein,,https://boxd.it/25To,movie,Comedy,8.0,106 min,1974
2025-03-25,Nosferatu,,https://boxd.it/29TM,movie,"Fantasy, Horror, Mystery",7.3,132 min,2024
2025-03-25,Killers of the Flower Moon,,https://boxd.it/gHp0,movie,"Crime, Drama, History",7.6,206 min,2023
2025-03-25,Mary and Max,,https://boxd.it/1y2m,movie,"Animation, Comedy, Drama",8.1,92 min,2009
2025-03-25,TÁR,,https://boxd.it/uNIA,movie,"Drama, Music",7.4,158 min,2022
2025-03-25,The Rocky Horror Picture Show,,https://boxd.it/1a3q,movie,"Comedy, Horror, Musical",7.4,100 min,1975
2025-03-25,Anatomy of a Fall,,https://boxd.it/yuDE,movie,"Crime, Drama, Thriller",7.7,151 min,2023
2025-03-25,Bill & Ted's Excellent Adventure,,https://boxd.it/28oI,movie,"Adventure, Comedy, Music",6.9,90 min,1989
2025-03-25,The Wailing,,https://boxd.it/9fLy,movie,"Drama, Horror",7.4,156 min,2016
2025-03-25,An American Werewolf in London,,https://boxd.it/29yk,movie,"Comedy, Horror",7.5,97 min,1981
2025-03-25,The Wicker Man,,https://boxd.it/1KnG,movie,"Horror, Mystery, Thriller",7.5,88 min,1973
2025-03-25,The Blair Witch Project,,https://boxd.it/26ua,movie,"Horror, Mystery",6.5,81 min,1999
2025-03-25,Coraline,,https://boxd.it/1NhQ,movie,"Animation, Drama, Family",7.8,100 min,2009
2025-03-25,The Witch,,https://boxd.it/9X0m,movie,"Drama, Fantasy, Horror",7.0,92 min,2015
2025-03-25,The Devil Wears Prada,,https://boxd.it/2awE,movie,"Comedy, Drama",6.9,109 min,2006
2025-03-25,Perfect Blue,,https://boxd.it/1W7A,movie,"Animation, Crime, Drama",8.0,81 min,1997
2025-03-25,Dirty Dancing,,https://boxd.it/2baY,movie,"Drama, Music, Romance",7.1,100 min,1987
2025-03-25,Green Book,,https://boxd.it/hErk,movie,"Biography, Comedy, Drama",8.2,130 min,2018
2025-03-25,Cruella,,https://boxd.it/bbKg,movie,"Adventure, Comedy, Crime",7.3,134 min,2021
2025-03-25,Schindler's List,,https://boxd.it/2aq2,movie,"Biography, Drama, History",9.0,195 min,1993
2025-03-25,The Photographer of Mauthausen,,https://boxd.it/jeyS,movie,"Biography, Drama, History",6.7,110 min,2018
2025-03-25,My Best Friend Anne Frank,,https://boxd.it/tDCK,movie,Drama,6.3,103 min,2021
2025-03-25,Apollo 13,,https://boxd.it/2a6G,movie,"Adventure, Drama, History",7.7,140 min,1995
2025-03-25,The Platform 2,,https://boxd.it/Gz88,movie,"Horror, Sci-Fi, Thriller",4.9,99 min,2024
2025-03-25,The Good Shepherd,,https://boxd.it/291g,movie,"Drama, History, Thriller",6.7,167 min,2006
2025-03-25,Godzilla Minus One,,https://boxd.it/zu4c,movie,"Action, Adventure, Drama",7.7,124 min,2023
2025-03-25,A Whisker Away,,https://boxd.it/oQEa,movie,"Animation, Adventure, Drama",6.7,104 min,2020
2025-03-25,The Talented Mr. Ripley,,https://boxd.it/2924,movie,"Crime, Drama, Thriller",7.4,139 min,1999
2025-03-28,Adolescence,,https://boxd.it/TFGw,series,"Crime, Drama, Mystery",8.2,N/A,2025
2025-03-28,Trap,,https://boxd.it/D4nK,movie,"Crime, Horror, Mystery",5.8,105 min,2024
2025-03-30,Black Bag,,https://boxd.it/KRbM,movie,"Drama, Mystery, Romance",6.9,93 min,2025
2025-03-30,Death of a Unicorn,,https://boxd.it/HCPm,movie,"Comedy, Fantasy, Horror",6.1,107 min,2025
2025-03-31,Strange Days,,https://boxd.it/2aGO,movie,"Crime, Drama, Sci-Fi",7.2,145 min,1995
2025-03-31,The Devil's Advocate,,https://boxd.it/286k,movie,"Drama, Fantasy, Mystery",7.5,144 min,1997
2025-04-03,Kiss Kiss Bang Bang,,https://boxd.it/23c8,movie,"Comedy, Crime, Mystery",7.5,103 min,2005
2025-04-04,Hoodlum,,https://boxd.it/1B6c,movie,"Crime, Drama",6.3,130 min,1997
2025-04-05,Don't Be a Menace to South Central While Drinking Your Juice in the Hood,,https://boxd.it/1VQa,movie,"Comedy, Crime",6.5,89 min,1996
2025-04-06,Excalibur,,https://boxd.it/1TDI,movie,"Adventure, Drama, Fantasy",7.3,140 min,1981
2025-04-06,Training Day,,https://boxd.it/27A4,movie,"Crime, Drama, Thriller",7.8,122 min,2001
2025-04-06,The Tragedy of Macbeth,,https://boxd.it/lMi4,movie,"Drama, Mystery, Thriller",7.1,105 min,2021
2025-04-06,The Book of Eli,,https://boxd.it/1Dnu,movie,"Action, Adventure, Drama",6.8,118 min,2010
2025-04-07,Batman,,https://boxd.it/2aIU,movie,"Action, Adventure",7.5,126 min,1989
2025-04-07,Batman Returns,,https://boxd.it/2awa,movie,"Action, Crime, Fantasy",7.1,126 min,1992
2025-04-07,Frankenweenie,,https://boxd.it/bPS,movie,"Animation, Comedy, Drama",6.9,87 min,2012
2025-04-07,Mars Attacks!,,https://boxd.it/2bd4,movie,"Comedy, Sci-Fi",6.4,106 min,1996
2025-04-07,Planet of the Apes,,https://boxd.it/29ps,movie,"Action, Adventure, Sci-Fi",5.7,120 min,2001
2025-04-07,Corpse Bride,,https://boxd.it/24WQ,movie,"Animation, Comedy, Drama",7.4,77 min,2005
2025-04-07,The Lord of the Rings,,https://boxd.it/2b5k,movie,"Animation, Adventure, Fantasy",6.2,132 min,1978
2025-04-11,"10,000 Saints",,https://boxd.it/7r6S,,,,,
2025-04-11,Gangs of New York,,https://boxd.it/25FG,movie,"Crime, Drama",7.5,167 min,2002
2025-04-11,The Aviator,,https://boxd.it/26BU,movie,"Biography, Drama",7.5,170 min,2004
2025-04-11,Tropic Thunder,,https://boxd.it/20WM,movie,"Action, Comedy, War",7.1,107 min,2008
2025-04-11,Paid in Full,,https://boxd.it/1QQu,movie,"Action, Crime, Drama",7.0,97 min,2002
2025-04-11,The Secret World of Arrietty,,https://boxd.it/AF4,movie,"Animation, Adventure, Drama",7.6,94 min,2010
2025-04-11,Queer,,https://boxd.it/E4RW,movie,"Biography, Drama, History",6.5,137 min,2024
2025-04-11,I Saw the TV Glow,,https://boxd.it/woVe,movie,"Drama, Horror",5.8,100 min,2024
2025-04-11,Beetlejuice Beetlejuice,,https://boxd.it/yyGs,movie,"Comedy, Fantasy, Horror",6.6,105 min,2024
2025-04-11,The Danish Girl,,https://boxd.it/9Ohy,movie,"Biography, Drama",7.1,119 min,2015
2025-04-11,The Good Nurse,,https://boxd.it/jIXI,movie,"Biography, Crime, Drama",6.8,121 min,2022
2025-04-11,The Trial of the Chicago 7,,https://boxd.it/kn3w,movie,"Drama, History, Thriller",7.7,129 min,2020
2025-04-11,Black Death,,https://boxd.it/ZUI,movie,"Action, Drama, History",6.4,102 min,2010
2025-04-16,Maestro,,https://boxd.it/j0DE,movie,"Biography, Drama, History",6.5,129 min,2023
2025-04-17,Lake Mungo,,https://boxd.it/1rWM,movie,"Drama, Horror, Mystery",6.3,87 min,2008
2025-04-18,The Raid,,https://boxd.it/3hBy,movie,"War, Western",6.8,83 min,1954
2025-04-18,The Rainmaker,,https://boxd.it/1SD8,movie,"Crime, Drama, Thriller",7.2,135 min,1997
2025-04-20,Locke,,https://boxd.it/6hHC,movie,Drama,7.1,85 min,2013
2025-04-22,Patch Adams,,https://boxd.it/1Wzk,movie,"Biography, Comedy, Drama",6.8,115 min,1998
2025-04-22,"Good Morning, Vietnam",,https://boxd.it/29Aq,movie,"Biography, Comedy, Drama",7.3,121 min,1987
2025-04-22,Bicentennial Man,,https://boxd.it/2722,movie,"Drama, Romance, Sci-Fi",6.9,132 min,1999
2025-04-22,Robin Williams: An Evening at the Met,,https://boxd.it/1BFc,movie,"Documentary, Comedy",8.3,65 min,1986
2025-05-04,At Eternity's Gate,,https://boxd.it/hI40,movie,"Biography, Drama, History",6.9,111 min,2018
2025-05-04,Vice,,https://boxd.it/fcFY,movie,"Biography, Comedy, Drama",7.2,132 min,2018
2025-05-05,The Creator,,https://boxd.it/oXWq,movie,"Action, Adventure, Drama",6.7,133 min,2023
2025-05-06,Kingdom of Heaven,,https://boxd.it/28Gs,movie,"Action, Adventure, Drama",7.3,144 min,2005
2025-05-07,Lawrence of Arabia,,https://boxd.it/2wRE,movie,"Adventure, Biography, Drama",8.3,227 min,1962
2025-05-07,The Fifth Element,,https://boxd.it/71k,movie,"Action, Adventure, Sci-Fi",7.6,126 min,1997
2025-05-07,Apocalypse Now,,https://boxd.it/6ZS,movie,"Drama, Mystery, War",8.4,147 min,1979
2025-05-07,The Longest Day,,https://boxd.it/1Z3w,movie,"Action, Drama, History",7.7,178 min,1962
2025-05-07,The Assassination of Jesse James by the Coward Robert Ford,,https://boxd.it/24dG,movie,"Biography, Crime, Drama",7.5,160 min,2007
2025-05-07,The Green Knight,,https://boxd.it/kuy2,movie,"Adventure, Drama, Fantasy",6.6,130 min,2021
2025-05-08,Robin Hood: Prince of Thieves,,https://boxd.it/20hu,movie,"Action, Adventure, Drama",6.9,143 min,1991
2025-05-08,School of Rock,,https://boxd.it/28xK,movie,"Comedy, Music",7.2,109 min,2003
2025-05-08,The Upside,,https://boxd.it/fEPM,movie,"Comedy, Drama",7.0,126 min,2017
2025-05-09,My Dinner with Andre,,https://boxd.it/1vLe,movie,"Comedy, Drama",7.7,110 min,1981
2025-05-09,Mr. Nobody,,https://boxd.it/1k44,movie,"Drama, Fantasy, Romance",7.7,141 min,2009
2025-05-13,A History of Violence,,https://boxd.it/2bfa,movie,"Action, Crime, Drama",7.4,96 min,2005
2025-05-14,The Empty Man,,https://boxd.it/iIWS,movie,"Drama, Horror, Mystery",6.2,137 min,2020
2025-05-16,Sling Blade,,https://boxd.it/1RRo,movie,Drama,8.0,135 min,1996
2025-05-18,Come and See,,https://boxd.it/1w9q,movie,"Drama, Thriller, War",8.4,142 min,1985
2025-05-18,The Apartment,,https://boxd.it/2aGE,movie,"Comedy, Drama, Romance",8.3,125 min,1960
2025-05-18,Do the Right Thing,,https://boxd.it/29gA,movie,"Comedy, Drama",7.9,120 min,1989
2025-05-18,Children of Men,,https://boxd.it/1Y2i,movie,"Drama, Sci-Fi, Thriller",7.9,109 min,2006
2025-05-18,Eternal Sunshine of the Spotless Mind,,https://boxd.it/6YK,movie,"Drama, Romance, Sci-Fi",8.3,108 min,2004
2025-05-18,The Elephant Man,,https://boxd.it/27LQ,movie,"Biography, Drama",8.2,124 min,1980
2025-05-18,Eddington,,https://boxd.it/o6MC,movie,"Comedy, Drama, Western",N/A,N/A,2025
2025-05-18,300,,https://boxd.it/28XI,movie,"Action, Drama",7.6,117 min,2006
2025-05-18,Beowulf,,https://boxd.it/26Xw,movie,"Animation, Action, Adventure",6.3,115 min,2007
2025-05-18,Dead Snow,,https://boxd.it/1O4e,movie,"Comedy, Fantasy, Horror",6.3,91 min,2009
2025-05-18,Solomon Kane,,https://boxd.it/1gju,movie,"Action, Adventure, Fantasy",6.1,104 min,2009
2025-05-18,Season of the Witch,,https://boxd.it/1zJ2,movie,"Action, Adventure, Fantasy",5.4,95 min,2011
2025-05-18,Snowpiercer,,https://boxd.it/3Icg,movie,"Action, Sci-Fi, Thriller",7.1,126 min,2013
2025-05-18,Riddick,,https://boxd.it/35Jq,movie,"Action, Adventure, Sci-Fi",6.4,119 min,2013
2025-05-18,Seventh Son,,https://boxd.it/2czq,movie,"Action, Adventure, Fantasy",5.5,102 min,2014
2025-05-18,King Arthur: Legend of the Sword,,https://boxd.it/8lDS,movie,"Action, Adventure, Drama",6.7,126 min,2017
2025-05-18,Sicario: Day of the Soldado,,https://boxd.it/e4fG,movie,"Action, Crime, Drama",7.1,122 min,2018
2025-05-18,Sicario,,https://boxd.it/8i7u,movie,"Action, Crime, Drama",7.7,121 min,2015
2025-05-18,The Tomorrow War,,https://boxd.it/lE78,movie,"Action, Adventure, Drama",6.6,138 min,2021
2025-05-18,Extraction 2,,https://boxd.it/q4Zo,movie,N/A,N/A,N/A,2023
2025-05-18,Extraction,,https://boxd.it/jUjA,movie,"Action, Crime, Thriller",6.8,116 min,2020
2025-05-18,The Human Condition III: A Soldier's Prayer,,https://boxd.it/1dIQ,movie,"Drama, History, War",8.8,190 min,1961
2025-05-18,The Human Condition I: No Greater Love,,https://boxd.it/1jAy,movie,"Drama, History, War",8.5,208 min,1959
2025-05-18,The Human Condition II: Road to Eternity,,https://boxd.it/1dJa,movie,"Drama, History, War",8.5,181 min,1959
2025-05-19,Rescued by Ruby,,https://boxd.it/yIpc,movie,"Biography, Drama, Family",7.2,90 min,2022
2025-05-19,The Disappearance of Willie Bingham,,https://boxd.it/bTB8,movie,"Short, Crime, Drama",7.0,12 min,2015
2025-05-19,The Disappearance of Haruhi Suzumiya,,https://boxd.it/19Ds,movie,"Animation, Drama, Mystery",8.0,162 min,2010
2025-05-19,The Devil All the Time,,https://boxd.it/i2tY,movie,"Crime, Drama, Thriller",7.1,138 min,2020
2025-05-20,Tucker and Dale vs. Evil,,https://boxd.it/Mce,movie,"Comedy, Horror",7.5,89 min,2010
2025-05-20,Silent Hill,,https://boxd.it/2a3C,movie,"Horror, Mystery",6.5,125 min,2006
2025-05-20,Barbarian,,https://boxd.it/yohi,movie,"Horror, Mystery, Thriller",7.0,102 min,2022
2025-05-20,The Descent,,https://boxd.it/1YNy,movie,"Adventure, Horror, Thriller",7.2,99 min,2005
2025-05-20,The Ring,,https://boxd.it/2a70,movie,"Horror, Mystery",7.1,115 min,2002
2025-05-21,Hide and Seek,,https://boxd.it/1UEi,movie,"Horror, Mystery",5.9,101 min,2005
2025-05-21,Ripley,,https://boxd.it/LT5S,series,"Crime, Drama, Thriller",8.1,N/A,2024
2025-05-21,Man on Fire,,https://boxd.it/1Yvk,movie,"Action, Crime, Drama",7.7,146 min,2004
2025-05-21,The House That Jack Built,,https://boxd.it/dWO4,movie,"Crime, Drama, Horror",6.8,152 min,2018
2025-05-21,La La Land,,https://boxd.it/a5fa,movie,"Comedy, Drama, Music",8.0,128 min,2016
2025-05-21,Little Women,,https://boxd.it/aSVk,movie,"Drama, Romance",7.8,135 min,2019
2025-05-21,10 Things I Hate About You,,https://boxd.it/23AO,movie,"Comedy, Drama, Romance",7.3,97 min,1999
2025-05-21,Spirited Away,,https://boxd.it/2b4m,movie,"Animation, Adventure, Family",8.6,124 min,2001
2025-05-21,Howl's Moving Castle,,https://boxd.it/23De,movie,"Animation, Adventure, Family",8.2,119 min,2004
2025-05-21,Lady Bird,,https://boxd.it/dGNE,movie,"Comedy, Drama",7.4,94 min,2017
2025-05-21,The Truman Show,,https://boxd.it/18U8,movie,"Comedy, Drama",8.2,103 min,1998
2025-05-21,Mulholland Drive,,https://boxd.it/297o,movie,"Drama, Mystery, Thriller",7.9,147 min,2001
2025-05-21,Taxi Driver,,https://boxd.it/2b8y,movie,"Crime, Drama",8.2,114 min,1976
2025-05-21,12 Angry Men,,https://boxd.it/2auI,movie,"Crime, Drama",9.0,96 min,1957
2025-05-21,Oldboy,,https://boxd.it/29R2,movie,"Action, Drama, Mystery",8.3,120 min,2003
2025-05-21,Titanic,,https://boxd.it/2a2k,movie,"Drama, Romance",7.9,194 min,1997
2025-05-21,Her,,https://boxd.it/4O24,movie,"Drama, Romance, Sci-Fi",8.0,126 min,2013
2025-05-21,Lost in Translation,,https://boxd.it/2b0E,movie,"Comedy, Drama",7.7,102 min,2003
2025-05-21,Stand by Me,,https://boxd.it/2aOe,movie,"Adventure, Comedy, Drama",8.1,89 min,1986
2025-05-21,Challengers,,https://boxd.it/zld0,movie,"Comedy, Drama, Romance",7.0,131 min,2024
2025-05-21,The Big Lebowski,,https://boxd.it/2b6C,movie,"Comedy, Crime",8.1,117 min,1998
2025-05-21,Moonlight,,https://boxd.it/d6bE,movie,Drama,7.4,111 min,2016
2025-05-21,Drive,,https://boxd.it/IG,movie,"Action, Drama",7.8,100 min,2011
2025-05-21,Poor Things,,https://boxd.it/tNWU,movie,"Comedy, Drama, Romance",7.8,141 min,2023
2025-05-21,Superbad,,https://boxd.it/20hO,movie,Comedy,7.6,113 min,2007
2025-05-21,The Royal Tenenbaums,,https://boxd.it/1YHU,movie,"Comedy, Drama",7.6,110 min,2001
2025-05-21,Babylon,,https://boxd.it/mM02,movie,"Comedy, Drama",7.1,189 min,2022
2025-05-21,The Breakfast Club,,https://boxd.it/27q4,movie,"Comedy, Drama",7.8,97 min,1985
2025-05-21,Léon: The Professional,,https://boxd.it/2b8S,movie,"Action, Crime, Drama",8.5,110 min,1994
2025-05-21,The Substance,,https://boxd.it/zanS,movie,"Drama, Horror, Sci-Fi",7.3,141 min,2024
2025-05-21,My Neighbor Totoro,,https://boxd.it/20eA,movie,"Animation, Comedy, Family",8.1,86 min,1988
2025-05-21,Kiki's Delivery Service,,https://boxd.it/1JAY,movie,"Animation, Family, Fantasy",7.8,103 min,1989
2025-05-21,It's a Wonderful Life,,https://boxd.it/28xA,movie,"Drama, Family, Fantasy",8.6,130 min,1946
2025-05-21,Manchester by the Sea,,https://boxd.it/b2L0,movie,Drama,7.8,137 min,2016
2025-05-21,Eyes Wide Shut,,https://boxd.it/2axs,movie,"Drama, Mystery, Thriller",7.5,159 min,1999
2025-05-21,One Flew Over the Cuckoo's Nest,,https://boxd.it/2aeA,movie,Drama,8.7,133 min,1975
2025-05-21,Singin' in the Rain,,https://boxd.it/29oY,movie,"Comedy, Musical, Romance",8.3,103 min,1952
2025-05-21,Stalker,,https://boxd.it/28PO,movie,"Drama, Sci-Fi",8.0,162 min,1979
2025-05-21,Casablanca,,https://boxd.it/2aG0,movie,"Drama, Romance, War",8.5,102 min,1942
2025-05-21,Isle of Dogs,,https://boxd.it/dZrW,movie,"Animation, Adventure, Comedy",7.8,101 min,2018
2025-05-21,Top Gun: Maverick,,https://boxd.it/cjr4,movie,"Action, Drama",8.2,130 min,2022
2025-05-21,Top Gun,,https://boxd.it/29JC,movie,"Action, Drama",7.0,109 min,1986
2025-05-21,Grave of the Fireflies,,https://boxd.it/1RUM,movie,"Animation, Drama, War",8.5,88 min,1988
2025-05-21,Y Tu Mamá También,,https://boxd.it/28QM,movie,Drama,7.7,106 min,2001
2025-05-21,Terminator 2: Judgment Day,,https://boxd.it/2aGY,movie,"Action, Adventure, Sci-Fi",8.6,137 min,1991
2025-05-21,Psycho,,https://boxd.it/2ab2,movie,"Horror, Mystery, Thriller",8.5,109 min,1960
2025-05-21,Neon Genesis Evangelion,,https://boxd.it/ptEI,series,"Animation, Action, Drama",8.5,24 min,1995–1996
2025-05-21,The Seventh Seal,,https://boxd.it/2ahO,movie,"Drama, Fantasy",8.1,96 min,1957
2025-05-21,Suspiria,,https://boxd.it/1SNW,movie,Horror,7.3,92 min,1977
2025-05-21,8½,,https://boxd.it/2aqm,movie,Drama,8.0,138 min,1963
2025-05-21,Possession,,https://boxd.it/1BPm,movie,"Drama, Horror",7.3,124 min,1981
2025-05-21,Twin Peaks: Fire Walk with Me,,https://boxd.it/27Qw,movie,"Drama, Horror, Mystery",7.3,134 min,1992
2025-05-21,Twin Peaks: The Return,,https://boxd.it/hN9O,,,,,
2025-05-21,Angst,,https://boxd.it/1G46,movie,"Drama, Horror, Thriller",7.2,87 min,1983
2025-05-21,Un Chien Andalou,,https://boxd.it/29Y8,movie,"Short, Fantasy, Horror",7.6,16 min,1929
2025-05-21,Cries and Whispers,,https://boxd.it/1WK8,movie,"Documentary, Short",N/A,13 min,2015
2025-05-21,The Devils,,https://boxd.it/1inI,movie,"Biography, Drama, History",7.7,111 min,1971
2025-05-21,The Public Woman,,https://boxd.it/2tAU,movie,Drama,6.4,113 min,1984
2025-05-21,On the Silver Globe,,https://boxd.it/1sAM,movie,"Adventure, Drama, Fantasy",7.2,166 min,1988
2025-05-21,The Devil,,https://boxd.it/3iRC,movie,"Comedy, Drama",6.9,109 min,2006
2025-05-21,Akira,,https://boxd.it/2b1i,movie,"Animation, Drama, Fantasy",8.0,124 min,1988
2025-05-21,Fantastic Planet,,https://boxd.it/1KnQ,movie,"Animation, Sci-Fi",7.7,72 min,1973
2025-05-21,Crash,,https://boxd.it/29n2,movie,"Crime, Drama, Thriller",7.7,112 min,2004
2025-05-22,The Six Triple Eight,,https://boxd.it/Ear6,movie,"Drama, History, War",6.6,127 min,2024
2025-05-22,American Gangster,,https://boxd.it/23wi,movie,"Biography, Crime, Drama",7.8,157 min,2007
2025-05-22,Woman of the Hour,,https://boxd.it/vuz2,movie,"Crime, Drama, Mystery",6.6,95 min,2023
2025-05-22,Constantine,,https://boxd.it/2a7E,movie,"Action, Fantasy, Horror",7.0,121 min,2005
2025-05-22,Valhalla Rising,,https://boxd.it/17lc,movie,"Adventure, Drama, Fantasy",6.0,93 min,2009
2025-05-22,Dungeons & Dragons: Honor Among Thieves,,https://boxd.it/hN1A,movie,"Action, Adventure, Comedy",7.2,134 min,2023
2025-05-22,Lucy,,https://boxd.it/75hu,movie,"Action, Sci-Fi, Thriller",6.4,89 min,2014
2025-05-22,Circle,,https://boxd.it/b5So,movie,"Drama, Horror, Mystery",6.0,87 min,2015
2025-05-23,Talk to Me,,https://boxd.it/C6uQ,movie,"Horror, Thriller",7.1,95 min,2022
2025-05-23,Palm Springs,,https://boxd.it/lCXQ,movie,"Comedy, Fantasy, Mystery",7.4,90 min,2020
2025-05-23,The Gorge,,https://boxd.it/zRqK,movie,"Action, Adventure, Horror",6.7,127 min,2025
2025-05-23,Finch,,https://boxd.it/iXBq,movie,"Adventure, Drama, Sci-Fi",6.9,115 min,2021
2025-05-23,CODA,,https://boxd.it/tbf4,movie,"Comedy, Drama, Music",8.0,111 min,2021
2025-05-23,Inside Llewyn Davis,,https://boxd.it/34Ro,movie,"Drama, Music",7.4,104 min,2013
2025-05-23,The Ballad of Buster Scruggs,,https://boxd.it/jB2q,movie,"Comedy, Drama, Musical",7.2,133 min,2018
2025-05-23,Emancipation,,https://boxd.it/qOa2,movie,"Action, Thriller",6.3,132 min,2022
2025-05-24,Reservoir Dogs,,https://boxd.it/2agc,movie,"Crime, Thriller",8.3,99 min,1992
2025-05-24,The Machinist,,https://boxd.it/248c,movie,"Drama, Thriller",7.6,101 min,2004
2025-05-24,Where the Crawdads Sing,,https://boxd.it/psLS,movie,"Drama, Mystery, Romance",7.2,125 min,2022
2025-05-24,End of Watch,,https://boxd.it/2F5O,movie,"Action, Crime, Drama",7.6,109 min,2012
2025-05-24,Brokeback Mountain,,https://boxd.it/2b2q,movie,"Drama, Romance",7.7,134 min,2005
2025-05-24,Brothers,,https://boxd.it/20WW,movie,"Drama, Thriller, War",7.1,105 min,2009
2025-05-24,Jarhead,,https://boxd.it/70m,movie,"Biography, Drama, War",7.0,125 min,2005
2025-05-24,Okja,,https://boxd.it/dvXe,movie,"Action, Adventure, Drama",7.3,120 min,2017
2025-05-24,Southpaw,,https://boxd.it/9Phu,movie,"Action, Drama, Sport",7.3,124 min,2015
2025-05-24,The Fighter,,https://boxd.it/PP4,movie,"Action, Biography, Drama",7.8,116 min,2010
2025-05-25,Life,,https://boxd.it/21zE,movie,"Horror, Sci-Fi, Thriller",6.6,104 min,2017
2025-05-25,The Fabelmans,,https://boxd.it/ugoM,movie,Drama,7.5,151 min,2022
2025-05-25,Phantom Thread,,https://boxd.it/e4uc,movie,"Drama, Romance",7.4,130 min,2017
2025-05-27,With Honors,,https://boxd.it/1Kp8,movie,"Comedy, Drama",6.7,101 min,1994
2025-05-27,Seven Psychopaths,,https://boxd.it/34PW,movie,"Comedy, Crime",7.1,110 min,2012
2025-05-27,Minority Report,,https://boxd.it/2aWi,movie,"Action, Crime, Mystery",7.6,145 min,2002
2025-05-27,Casino,,https://boxd.it/2ads,movie,"Crime, Drama",8.2,178 min,1995
2025-05-29,Europa Report,,https://boxd.it/5n0s,movie,"Drama, Mystery, Sci-Fi",6.4,90 min,2013
2025-05-29,Contact,,https://boxd.it/29OM,movie,"Drama, Mystery, Sci-Fi",7.5,150 min,1997
2025-05-30,Sisu,,https://boxd.it/vHpu,movie,"Action, War",6.9,91 min,2022
2025-05-30,Speak No Evil,,https://boxd.it/G9f8,movie,"Drama, Horror, Thriller",6.8,110 min,2024
2025-05-30,Last Breath,,https://boxd.it/AJqO,movie,"Drama, Thriller",6.6,93 min,2025
2025-05-30,Nobody,,https://boxd.it/mLqS,movie,"Action, Crime, Drama",7.4,92 min,2021
2025-05-30,The Invisible Man,,https://boxd.it/kWlA,movie,"Drama, Horror, Mystery",7.1,124 min,2020
2025-05-30,Letters from Iwo Jima,,https://boxd.it/290C,movie,"Action, Adventure, Drama",7.8,141 min,2006
2025-05-30,The Brutalist,,https://boxd.it/k4BO,movie,Drama,7.4,216 min,2024
2025-05-30,Belfast,,https://boxd.it/tefG,movie,"Biography, Drama, Romance",7.2,98 min,2021
2025-05-30,Sonic the Hedgehog,,https://boxd.it/gdK8,movie,"Action, Adventure, Comedy",6.5,99 min,2020
2025-05-30,Braveheart,,https://boxd.it/2aTI,movie,"Biography, Drama, War",8.3,178 min,1995
2025-05-30,Serpico,,https://boxd.it/1ZjE,movie,"Biography, Crime, Drama",7.7,130 min,1973
2025-05-30,Saving Mr. Banks,,https://boxd.it/4vIq,movie,"Biography, Comedy, Drama",7.5,125 min,2013
2025-05-30,An Extremely Goofy Movie,,https://boxd.it/1LOo,movie,"Animation, Comedy, Family, Sport",6.4,79 min,2000
2025-05-30,The Black Cauldron,,https://boxd.it/1UYW,movie,"Animation, Action, Adventure",6.3,80 min,1985
2025-05-31,Uprising,,https://boxd.it/EGTQ,movie,"Drama, War",7.2,177 min,2001
2025-05-31,The Long Game,,https://boxd.it/EQmW,movie,"Drama, History, Sport",6.7,112 min,2023
2025-05-31,Hustle,,https://boxd.it/qpig,movie,"Comedy, Drama, Sport",7.3,117 min,2022
2025-05-31,The Swinging Barmaids,,https://boxd.it/1oSs,movie,"Crime, Drama",5.3,88 min,1975
2025-05-31,Kinds of Kindness,,https://boxd.it/CWPw,movie,"Comedy, Drama, Horror",6.6,164 min,2024
2025-06-01,The Wall,,https://boxd.it/eh1s,movie,"Action, Drama, Thriller",6.2,88 min,2017
2025-06-03,Superman,,https://boxd.it/27Qm,movie,"Action, Adventure, Sci-Fi",7.4,143 min,1978
2025-06-03,Superman,,https://boxd.it/E9IU,movie,"Action, Adventure, Sci-Fi",7.4,143 min,1978
